{
    "hello": "Hello! 👋",
    "con": "Για ποιο Con ενδιαφερεσε;",
    "pets": "Ανεβαζουμε λεβελ τους βοηθους μας σε αυτο το Con.",
    "propo": "Κανουμε προπονησεις.",
    "energeia": "Κανουμε ενέργεια φιλε!",
    "kripsona": "Μονομαχιες κρυψωνας!!",
    "items": "Πουλαμε αντικειμενα!",
    "eidikes": "Κανουμε ειδικες αποστολες, Μονο ρουχα αντοχης χωρις οπλο.",
    "monomaxies": "Κανουμε μονομαχιες η καθε νικη ειναι 3 ποντους η καθε ηττα 1.",
    "new": "Μετα το καινουργιο update κανουμε αλλαγες στην κρυψωνα μας.. βαζουμε 1ο αρχηγείο, 2ο καρπούζια, 3ο Κιτ, 4ο πυραύλους, 5ο Κον, 6ο σωσιες."
}